,0
0,ae
1,ae
2,ae
3,ae
4,ae
5,ae
6,ae
7,ae
8,ae
9,ae
10,ae
11,ae
12,ae
13,ae
14,ae
15,ae
16,ae
17,ae
18,ae
19,ae
20,ae
21,ae
22,ae
23,ae
24,ae
25,ae
26,ae
27,ae
28,ae
29,ae
30,ae
31,ae
32,ae
33,ae
34,ae
35,ae
36,ae
37,ae
38,ae
39,ae
40,ae
41,ae
42,ae
43,ae
44,ae
45,ae
46,ae
47,ae
48,ae
49,ae
50,ae
51,ae
52,ae
53,ae
54,ae
55,ae
56,ae
57,ae
58,ae
59,ae
60,ae
61,ae
62,ae
63,ae
64,ae
65,ae
66,ae
67,ae
68,ae
69,ae
70,ae
71,ae
72,ae
73,ae
74,ae
75,ae
76,ae
77,ae
78,ae
79,ae
80,a
81,a
82,a
83,a
84,a
85,a
86,a
87,a
88,a
89,a
90,a
91,a
92,a
93,a
94,a
95,a
96,a
97,a
98,a
99,a
100,a
101,a
102,a
103,a
104,a
105,a
106,a
107,a
108,a
109,a
110,a
111,a
112,a
113,a
114,a
115,a
116,a
117,a
118,a
119,a
120,a
121,a
122,a
123,a
124,a
125,a
126,a
127,a
128,a
129,a
130,a
131,a
132,a
133,a
134,a
135,a
136,a
137,a
138,a
139,a
140,a
141,a
142,a
143,a
144,a
145,a
146,a
147,a
148,a
149,a
150,a
151,a
152,a
153,a
154,a
155,a
156,a
157,a
158,a
159,a
160,bb
161,bb
162,bb
163,bb
164,bb
165,bb
166,bb
167,bb
168,bb
169,bb
170,bb
171,bb
172,bb
173,bb
174,bb
175,bb
176,bb
177,bb
178,bb
179,bb
180,bb
181,bb
182,bb
183,bb
184,bb
185,bb
186,bb
187,bb
188,bb
189,bb
190,bb
191,bb
192,bb
193,bb
194,bb
195,bb
196,bb
197,bb
198,bb
199,bb
200,bb
201,bb
202,bb
203,bb
204,bb
205,bb
206,bb
207,bb
208,bb
209,bb
210,bb
211,bb
212,bb
213,bb
214,bb
215,bb
216,bb
217,bb
218,bb
219,bb
220,bb
221,bb
222,bb
223,bb
224,bb
225,bb
226,bb
227,bb
228,bb
229,bb
230,bb
231,bb
232,bb
233,bb
234,bb
235,bb
236,bb
237,bb
238,bb
239,bb
240,b
241,b
242,b
243,b
244,b
245,b
246,b
247,b
248,b
249,b
250,b
251,b
252,b
253,b
254,b
255,b
256,b
257,b
258,b
259,b
260,b
261,b
262,b
263,b
264,b
265,b
266,b
267,b
268,b
269,b
270,b
271,b
272,b
273,b
274,b
275,b
276,b
277,b
278,b
279,b
280,b
281,b
282,b
283,b
284,b
285,b
286,b
287,b
288,b
289,b
290,b
291,b
292,b
293,b
294,b
295,b
296,b
297,b
298,b
299,b
300,b
301,b
302,b
303,b
304,b
305,b
306,b
307,b
308,b
309,b
310,b
311,b
312,b
313,b
314,b
315,b
316,b
317,b
318,b
319,b
320,ch
321,ch
322,ch
323,ch
324,ch
325,ch
326,ch
327,ch
328,ch
329,ch
330,ch
331,ch
332,ch
333,ch
334,ch
335,ch
336,ch
337,ch
338,ch
339,ch
340,ch
341,ch
342,ch
343,ch
344,ch
345,ch
346,ch
347,ch
348,ch
349,ch
350,ch
351,ch
352,ch
353,ch
354,ch
355,ch
356,ch
357,ch
358,ch
359,ch
360,ch
361,ch
362,ch
363,ch
364,ch
365,ch
366,ch
367,ch
368,ch
369,ch
370,ch
371,ch
372,ch
373,ch
374,ch
375,ch
376,ch
377,ch
378,ch
379,ch
380,ch
381,ch
382,ch
383,ch
384,ch
385,ch
386,ch
387,ch
388,ch
389,ch
390,ch
391,ch
392,ch
393,ch
394,ch
395,ch
396,ch
397,ch
398,ch
399,ch
400,d
401,d
402,d
403,d
404,d
405,d
406,d
407,d
408,d
409,d
410,d
411,d
412,d
413,d
414,d
415,d
416,d
417,d
418,d
419,d
420,d
421,d
422,d
423,d
424,d
425,d
426,d
427,d
428,d
429,d
430,d
431,d
432,d
433,d
434,d
435,d
436,d
437,d
438,d
439,d
440,d
441,d
442,d
443,d
444,d
445,d
446,d
447,d
448,d
449,d
450,d
451,d
452,d
453,d
454,d
455,d
456,d
457,d
458,d
459,d
460,d
461,d
462,d
463,d
464,d
465,d
466,d
467,d
468,d
469,d
470,d
471,d
472,d
473,d
474,d
475,d
476,d
477,d
478,d
479,d
480,eo
481,eo
482,eo
483,eo
484,eo
485,eo
486,eo
487,eo
488,eo
489,eo
490,eo
491,eo
492,eo
493,eo
494,eo
495,eo
496,eo
497,eo
498,eo
499,eo
500,eo
501,eo
502,eo
503,eo
504,eo
505,eo
506,eo
507,eo
508,eo
509,eo
510,eo
511,eo
512,eo
513,eo
514,eo
515,eo
516,eo
517,eo
518,eo
519,eo
520,eo
521,eo
522,eo
523,eo
524,eo
525,eo
526,eo
527,eo
528,eo
529,eo
530,eo
531,eo
532,eo
533,eo
534,eo
535,eo
536,eo
537,eo
538,eo
539,eo
540,eo
541,eo
542,eo
543,eo
544,eo
545,eo
546,eo
547,eo
548,eo
549,eo
550,eo
551,eo
552,eo
553,eo
554,eo
555,eo
556,eo
557,eo
558,eo
559,eo
560,eu
561,eu
562,eu
563,eu
564,eu
565,eu
566,eu
567,eu
568,eu
569,eu
570,eu
571,eu
572,eu
573,eu
574,eu
575,eu
576,eu
577,eu
578,eu
579,eu
580,eu
581,eu
582,eu
583,eu
584,eu
585,eu
586,eu
587,eu
588,eu
589,eu
590,eu
591,eu
592,eu
593,eu
594,eu
595,eu
596,eu
597,eu
598,eu
599,eu
600,eu
601,eu
602,eu
603,eu
604,eu
605,eu
606,eu
607,eu
608,eu
609,eu
610,eu
611,eu
612,eu
613,eu
614,eu
615,eu
616,eu
617,eu
618,eu
619,eu
620,eu
621,eu
622,eu
623,eu
624,eu
625,eu
626,eu
627,eu
628,eu
629,eu
630,eu
631,eu
632,eu
633,eu
634,eu
635,eu
636,eu
637,eu
638,eu
639,eu
640,e
641,e
642,e
643,e
644,e
645,e
646,e
647,e
648,e
649,e
650,e
651,e
652,e
653,e
654,e
655,e
656,e
657,e
658,e
659,e
660,e
661,e
662,e
663,e
664,e
665,e
666,e
667,e
668,e
669,e
670,e
671,e
672,e
673,e
674,e
675,e
676,e
677,e
678,e
679,e
680,e
681,e
682,e
683,e
684,e
685,e
686,e
687,e
688,e
689,e
690,e
691,e
692,e
693,e
694,e
695,e
696,e
697,e
698,e
699,e
700,e
701,e
702,e
703,e
704,e
705,e
706,e
707,e
708,e
709,e
710,e
711,e
712,e
713,e
714,e
715,e
716,e
717,e
718,e
719,e
720,gg
721,gg
722,gg
723,gg
724,gg
725,gg
726,gg
727,gg
728,gg
729,gg
730,gg
731,gg
732,gg
733,gg
734,gg
735,gg
736,gg
737,gg
738,gg
739,gg
740,gg
741,gg
742,gg
743,gg
744,gg
745,gg
746,gg
747,gg
748,gg
749,gg
750,gg
751,gg
752,gg
753,gg
754,gg
755,gg
756,gg
757,gg
758,gg
759,gg
760,gg
761,gg
762,gg
763,gg
764,gg
765,gg
766,gg
767,gg
768,gg
769,gg
770,gg
771,gg
772,gg
773,gg
774,gg
775,gg
776,gg
777,gg
778,gg
779,gg
780,gg
781,gg
782,gg
783,gg
784,gg
785,gg
786,gg
787,gg
788,gg
789,gg
790,gg
791,gg
792,gg
793,gg
794,gg
795,gg
796,gg
797,gg
798,gg
799,gg
800,g
801,g
802,g
803,g
804,g
805,g
806,g
807,g
808,g
809,g
810,g
811,g
812,g
813,g
814,g
815,g
816,g
817,g
818,g
819,g
820,g
821,g
822,g
823,g
824,g
825,g
826,g
827,g
828,g
829,g
830,g
831,g
832,g
833,g
834,g
835,g
836,g
837,g
838,g
839,g
840,g
841,g
842,g
843,g
844,g
845,g
846,g
847,g
848,g
849,g
850,g
851,g
852,g
853,g
854,g
855,g
856,g
857,g
858,g
859,g
860,g
861,g
862,g
863,g
864,g
865,g
866,g
867,g
868,g
869,g
870,g
871,g
872,g
873,g
874,g
875,g
876,g
877,g
878,g
879,g
880,h
881,h
882,h
883,h
884,h
885,h
886,h
887,h
888,h
889,h
890,h
891,h
892,h
893,h
894,h
895,h
896,h
897,h
898,h
899,h
900,h
901,h
902,h
903,h
904,h
905,h
906,h
907,h
908,h
909,h
910,h
911,h
912,h
913,h
914,h
915,h
916,h
917,h
918,h
919,h
920,h
921,h
922,h
923,h
924,h
925,h
926,h
927,h
928,h
929,h
930,h
931,h
932,h
933,h
934,h
935,h
936,h
937,h
938,h
939,h
940,h
941,h
942,h
943,h
944,h
945,h
946,h
947,h
948,h
949,h
950,h
951,h
952,h
953,h
954,h
955,h
956,h
957,h
958,h
959,h
960,i
961,i
962,i
963,i
964,i
965,i
966,i
967,i
968,i
969,i
970,i
971,i
972,i
973,i
974,i
975,i
976,i
977,i
978,i
979,i
980,i
981,i
982,i
983,i
984,i
985,i
986,i
987,i
988,i
989,i
990,i
991,i
992,i
993,i
994,i
995,i
996,i
997,i
998,i
999,i
1000,i
1001,i
1002,i
1003,i
1004,i
1005,i
1006,i
1007,i
1008,i
1009,i
1010,i
1011,i
1012,i
1013,i
1014,i
1015,i
1016,i
1017,i
1018,i
1019,i
1020,i
1021,i
1022,i
1023,i
1024,i
1025,i
1026,i
1027,i
1028,i
1029,i
1030,i
1031,i
1032,i
1033,i
1034,i
1035,i
1036,i
1037,i
1038,i
1039,i
1040,j
1041,j
1042,j
1043,j
1044,j
1045,j
1046,j
1047,j
1048,j
1049,j
1050,j
1051,j
1052,j
1053,j
1054,j
1055,j
1056,j
1057,j
1058,j
1059,j
1060,j
1061,j
1062,j
1063,j
1064,j
1065,j
1066,j
1067,j
1068,j
1069,j
1070,j
1071,j
1072,j
1073,j
1074,j
1075,j
1076,j
1077,j
1078,j
1079,j
1080,j
1081,j
1082,j
1083,j
1084,j
1085,j
1086,j
1087,j
1088,j
1089,j
1090,j
1091,j
1092,j
1093,j
1094,j
1095,j
1096,j
1097,j
1098,j
1099,j
1100,j
1101,j
1102,j
1103,j
1104,j
1105,j
1106,j
1107,j
1108,j
1109,j
1110,j
1111,j
1112,j
1113,j
1114,j
1115,j
1116,j
1117,j
1118,j
1119,j
1120,k
1121,k
1122,k
1123,k
1124,k
1125,k
1126,k
1127,k
1128,k
1129,k
1130,k
1131,k
1132,k
1133,k
1134,k
1135,k
1136,k
1137,k
1138,k
1139,k
1140,k
1141,k
1142,k
1143,k
1144,k
1145,k
1146,k
1147,k
1148,k
1149,k
1150,k
1151,k
1152,k
1153,k
1154,k
1155,k
1156,k
1157,k
1158,k
1159,k
1160,k
1161,k
1162,k
1163,k
1164,k
1165,k
1166,k
1167,k
1168,k
1169,k
1170,k
1171,k
1172,k
1173,k
1174,k
1175,k
1176,k
1177,k
1178,k
1179,k
1180,k
1181,k
1182,k
1183,k
1184,k
1185,k
1186,k
1187,k
1188,k
1189,k
1190,k
1191,k
1192,k
1193,k
1194,k
1195,k
1196,k
1197,k
1198,k
1199,k
1200,m
1201,m
1202,m
1203,m
1204,m
1205,m
1206,m
1207,m
1208,m
1209,m
1210,m
1211,m
1212,m
1213,m
1214,m
1215,m
1216,m
1217,m
1218,m
1219,m
1220,m
1221,m
1222,m
1223,m
1224,m
1225,m
1226,m
1227,m
1228,m
1229,m
1230,m
1231,m
1232,m
1233,m
1234,m
1235,m
1236,m
1237,m
1238,m
1239,m
1240,m
1241,m
1242,m
1243,m
1244,m
1245,m
1246,m
1247,m
1248,m
1249,m
1250,m
1251,m
1252,m
1253,m
1254,m
1255,m
1256,m
1257,m
1258,m
1259,m
1260,m
1261,m
1262,m
1263,m
1264,m
1265,m
1266,m
1267,m
1268,m
1269,m
1270,m
1271,m
1272,m
1273,m
1274,m
1275,m
1276,m
1277,m
1278,m
1279,m
1280,ng
1281,ng
1282,ng
1283,ng
1284,ng
1285,ng
1286,ng
1287,ng
1288,ng
1289,ng
1290,ng
1291,ng
1292,ng
1293,ng
1294,ng
1295,ng
1296,ng
1297,ng
1298,ng
1299,ng
1300,ng
1301,ng
1302,ng
1303,ng
1304,ng
1305,ng
1306,ng
1307,ng
1308,ng
1309,ng
1310,ng
1311,ng
1312,ng
1313,ng
1314,ng
1315,ng
1316,ng
1317,ng
1318,ng
1319,ng
1320,ng
1321,ng
1322,ng
1323,ng
1324,ng
1325,ng
1326,ng
1327,ng
1328,ng
1329,ng
1330,ng
1331,ng
1332,ng
1333,ng
1334,ng
1335,ng
1336,ng
1337,ng
1338,ng
1339,ng
1340,ng
1341,ng
1342,ng
1343,ng
1344,ng
1345,ng
1346,ng
1347,ng
1348,ng
1349,ng
1350,ng
1351,ng
1352,ng
1353,ng
1354,ng
1355,ng
1356,ng
1357,ng
1358,ng
1359,ng
1360,n
1361,n
1362,n
1363,n
1364,n
1365,n
1366,n
1367,n
1368,n
1369,n
1370,n
1371,n
1372,n
1373,n
1374,n
1375,n
1376,n
1377,n
1378,n
1379,n
1380,n
1381,n
1382,n
1383,n
1384,n
1385,n
1386,n
1387,n
1388,n
1389,n
1390,n
1391,n
1392,n
1393,n
1394,n
1395,n
1396,n
1397,n
1398,n
1399,n
1400,n
1401,n
1402,n
1403,n
1404,n
1405,n
1406,n
1407,n
1408,n
1409,n
1410,n
1411,n
1412,n
1413,n
1414,n
1415,n
1416,n
1417,n
1418,n
1419,n
1420,n
1421,n
1422,n
1423,n
1424,n
1425,n
1426,n
1427,n
1428,n
1429,n
1430,n
1431,n
1432,n
1433,n
1434,n
1435,n
1436,n
1437,n
1438,n
1439,n
1440,o
1441,o
1442,o
1443,o
1444,o
1445,o
1446,o
1447,o
1448,o
1449,o
1450,o
1451,o
1452,o
1453,o
1454,o
1455,o
1456,o
1457,o
1458,o
1459,o
1460,o
1461,o
1462,o
1463,o
1464,o
1465,o
1466,o
1467,o
1468,o
1469,o
1470,o
1471,o
1472,o
1473,o
1474,o
1475,o
1476,o
1477,o
1478,o
1479,o
1480,o
1481,o
1482,o
1483,o
1484,o
1485,o
1486,o
1487,o
1488,o
1489,o
1490,o
1491,o
1492,o
1493,o
1494,o
1495,o
1496,o
1497,o
1498,o
1499,o
1500,o
1501,o
1502,o
1503,o
1504,o
1505,o
1506,o
1507,o
1508,o
1509,o
1510,o
1511,o
1512,o
1513,o
1514,o
1515,o
1516,o
1517,o
1518,o
1519,o
1520,p
1521,p
1522,p
1523,p
1524,p
1525,p
1526,p
1527,p
1528,p
1529,p
1530,p
1531,p
1532,p
1533,p
1534,p
1535,p
1536,p
1537,p
1538,p
1539,p
1540,p
1541,p
1542,p
1543,p
1544,p
1545,p
1546,p
1547,p
1548,p
1549,p
1550,p
1551,p
1552,p
1553,p
1554,p
1555,p
1556,p
1557,p
1558,p
1559,p
1560,p
1561,p
1562,p
1563,p
1564,p
1565,p
1566,p
1567,p
1568,p
1569,p
1570,p
1571,p
1572,p
1573,p
1574,p
1575,p
1576,p
1577,p
1578,p
1579,p
1580,p
1581,p
1582,p
1583,p
1584,p
1585,p
1586,p
1587,p
1588,p
1589,p
1590,p
1591,p
1592,p
1593,p
1594,p
1595,p
1596,p
1597,p
1598,p
1599,p
1600,r
1601,r
1602,r
1603,r
1604,r
1605,r
1606,r
1607,r
1608,r
1609,r
1610,r
1611,r
1612,r
1613,r
1614,r
1615,r
1616,r
1617,r
1618,r
1619,r
1620,r
1621,r
1622,r
1623,r
1624,r
1625,r
1626,r
1627,r
1628,r
1629,r
1630,r
1631,r
1632,r
1633,r
1634,r
1635,r
1636,r
1637,r
1638,r
1639,r
1640,r
1641,r
1642,r
1643,r
1644,r
1645,r
1646,r
1647,r
1648,r
1649,r
1650,r
1651,r
1652,r
1653,r
1654,r
1655,r
1656,r
1657,r
1658,r
1659,r
1660,r
1661,r
1662,r
1663,r
1664,r
1665,r
1666,r
1667,r
1668,r
1669,r
1670,r
1671,r
1672,r
1673,r
1674,r
1675,r
1676,r
1677,r
1678,r
1679,r
1680,ss
1681,ss
1682,ss
1683,ss
1684,ss
1685,ss
1686,ss
1687,ss
1688,ss
1689,ss
1690,ss
1691,ss
1692,ss
1693,ss
1694,ss
1695,ss
1696,ss
1697,ss
1698,ss
1699,ss
1700,ss
1701,ss
1702,ss
1703,ss
1704,ss
1705,ss
1706,ss
1707,ss
1708,ss
1709,ss
1710,ss
1711,ss
1712,ss
1713,ss
1714,ss
1715,ss
1716,ss
1717,ss
1718,ss
1719,ss
1720,ss
1721,ss
1722,ss
1723,ss
1724,ss
1725,ss
1726,ss
1727,ss
1728,ss
1729,ss
1730,ss
1731,ss
1732,ss
1733,ss
1734,ss
1735,ss
1736,ss
1737,ss
1738,ss
1739,ss
1740,ss
1741,ss
1742,ss
1743,ss
1744,ss
1745,ss
1746,ss
1747,ss
1748,ss
1749,ss
1750,ss
1751,ss
1752,ss
1753,ss
1754,ss
1755,ss
1756,ss
1757,ss
1758,ss
1759,ss
1760,s
1761,s
1762,s
1763,s
1764,s
1765,s
1766,s
1767,s
1768,s
1769,s
1770,s
1771,s
1772,s
1773,s
1774,s
1775,s
1776,s
1777,s
1778,s
1779,s
1780,s
1781,s
1782,s
1783,s
1784,s
1785,s
1786,s
1787,s
1788,s
1789,s
1790,s
1791,s
1792,s
1793,s
1794,s
1795,s
1796,s
1797,s
1798,s
1799,s
1800,s
1801,s
1802,s
1803,s
1804,s
1805,s
1806,s
1807,s
1808,s
1809,s
1810,s
1811,s
1812,s
1813,s
1814,s
1815,s
1816,s
1817,s
1818,s
1819,s
1820,s
1821,s
1822,s
1823,s
1824,s
1825,s
1826,s
1827,s
1828,s
1829,s
1830,s
1831,s
1832,s
1833,s
1834,s
1835,s
1836,s
1837,s
1838,s
1839,s
1840,t
1841,t
1842,t
1843,t
1844,t
1845,t
1846,t
1847,t
1848,t
1849,t
1850,t
1851,t
1852,t
1853,t
1854,t
1855,t
1856,t
1857,t
1858,t
1859,t
1860,t
1861,t
1862,t
1863,t
1864,t
1865,t
1866,t
1867,t
1868,t
1869,t
1870,t
1871,t
1872,t
1873,t
1874,t
1875,t
1876,t
1877,t
1878,t
1879,t
1880,t
1881,t
1882,t
1883,t
1884,t
1885,t
1886,t
1887,t
1888,t
1889,t
1890,t
1891,t
1892,t
1893,t
1894,t
1895,t
1896,t
1897,t
1898,t
1899,t
1900,t
1901,t
1902,t
1903,t
1904,t
1905,t
1906,t
1907,t
1908,t
1909,t
1910,t
1911,t
1912,t
1913,t
1914,t
1915,t
1916,t
1917,t
1918,t
1919,t
1920,u
1921,u
1922,u
1923,u
1924,u
1925,u
1926,u
1927,u
1928,u
1929,u
1930,u
1931,u
1932,u
1933,u
1934,u
1935,u
1936,u
1937,u
1938,u
1939,u
1940,u
1941,u
1942,u
1943,u
1944,u
1945,u
1946,u
1947,u
1948,u
1949,u
1950,u
1951,u
1952,u
1953,u
1954,u
1955,u
1956,u
1957,u
1958,u
1959,u
1960,u
1961,u
1962,u
1963,u
1964,u
1965,u
1966,u
1967,u
1968,u
1969,u
1970,u
1971,u
1972,u
1973,u
1974,u
1975,u
1976,u
1977,u
1978,u
1979,u
1980,u
1981,u
1982,u
1983,u
1984,u
1985,u
1986,u
1987,u
1988,u
1989,u
1990,u
1991,u
1992,u
1993,u
1994,u
1995,u
1996,u
1997,u
1998,u
1999,u
2000,yae
2001,yae
2002,yae
2003,yae
2004,yae
2005,yae
2006,yae
2007,yae
2008,yae
2009,yae
2010,yae
2011,yae
2012,yae
2013,yae
2014,yae
2015,yae
2016,yae
2017,yae
2018,yae
2019,yae
2020,yae
2021,yae
2022,yae
2023,yae
2024,yae
2025,yae
2026,yae
2027,yae
2028,yae
2029,yae
2030,yae
2031,yae
2032,yae
2033,yae
2034,yae
2035,yae
2036,yae
2037,yae
2038,yae
2039,yae
2040,yae
2041,yae
2042,yae
2043,yae
2044,yae
2045,yae
2046,yae
2047,yae
2048,yae
2049,yae
2050,yae
2051,yae
2052,yae
2053,yae
2054,yae
2055,yae
2056,yae
2057,yae
2058,yae
2059,yae
2060,yae
2061,yae
2062,yae
2063,yae
2064,yae
2065,yae
2066,yae
2067,yae
2068,yae
2069,yae
2070,yae
2071,yae
2072,yae
2073,yae
2074,yae
2075,yae
2076,yae
2077,yae
2078,yae
2079,yae
2080,ya
2081,ya
2082,ya
2083,ya
2084,ya
2085,ya
2086,ya
2087,ya
2088,ya
2089,ya
2090,ya
2091,ya
2092,ya
2093,ya
2094,ya
2095,ya
2096,ya
2097,ya
2098,ya
2099,ya
2100,ya
2101,ya
2102,ya
2103,ya
2104,ya
2105,ya
2106,ya
2107,ya
2108,ya
2109,ya
2110,ya
2111,ya
2112,ya
2113,ya
2114,ya
2115,ya
2116,ya
2117,ya
2118,ya
2119,ya
2120,ya
2121,ya
2122,ya
2123,ya
2124,ya
2125,ya
2126,ya
2127,ya
2128,ya
2129,ya
2130,ya
2131,ya
2132,ya
2133,ya
2134,ya
2135,ya
2136,ya
2137,ya
2138,ya
2139,ya
2140,ya
2141,ya
2142,ya
2143,ya
2144,ya
2145,ya
2146,ya
2147,ya
2148,ya
2149,ya
2150,ya
2151,ya
2152,ya
2153,ya
2154,ya
2155,ya
2156,ya
2157,ya
2158,ya
2159,ya
2160,ye
2161,ye
2162,ye
2163,ye
2164,ye
2165,ye
2166,ye
2167,ye
2168,ye
2169,ye
2170,ye
2171,ye
2172,ye
2173,ye
2174,ye
2175,ye
2176,ye
2177,ye
2178,ye
2179,ye
2180,ye
2181,ye
2182,ye
2183,ye
2184,ye
2185,ye
2186,ye
2187,ye
2188,ye
2189,ye
2190,ye
2191,ye
2192,ye
2193,ye
2194,ye
2195,ye
2196,ye
2197,ye
2198,ye
2199,ye
2200,ye
2201,ye
2202,ye
2203,ye
2204,ye
2205,ye
2206,ye
2207,ye
2208,ye
2209,ye
2210,ye
2211,ye
2212,ye
2213,ye
2214,ye
2215,ye
2216,ye
2217,ye
2218,ye
2219,ye
2220,ye
2221,ye
2222,ye
2223,ye
2224,ye
2225,ye
2226,ye
2227,ye
2228,ye
2229,ye
2230,ye
2231,ye
2232,ye
2233,ye
2234,ye
2235,ye
2236,ye
2237,ye
2238,ye
2239,ye
2240,yo
2241,yo
2242,yo
2243,yo
2244,yo
2245,yo
2246,yo
2247,yo
2248,yo
2249,yo
2250,yo
2251,yo
2252,yo
2253,yo
2254,yo
2255,yo
2256,yo
2257,yo
2258,yo
2259,yo
2260,yo
2261,yo
2262,yo
2263,yo
2264,yo
2265,yo
2266,yo
2267,yo
2268,yo
2269,yo
2270,yo
2271,yo
2272,yo
2273,yo
2274,yo
2275,yo
2276,yo
2277,yo
2278,yo
2279,yo
2280,yo
2281,yo
2282,yo
2283,yo
2284,yo
2285,yo
2286,yo
2287,yo
2288,yo
2289,yo
2290,yo
2291,yo
2292,yo
2293,yo
2294,yo
2295,yo
2296,yo
2297,yo
2298,yo
2299,yo
2300,yo
2301,yo
2302,yo
2303,yo
2304,yo
2305,yo
2306,yo
2307,yo
2308,yo
2309,yo
2310,yo
2311,yo
2312,yo
2313,yo
2314,yo
2315,yo
2316,yo
2317,yo
2318,yo
2319,yo
2320,yu
2321,yu
2322,yu
2323,yu
2324,yu
2325,yu
2326,yu
2327,yu
2328,yu
2329,yu
2330,yu
2331,yu
2332,yu
2333,yu
2334,yu
2335,yu
2336,yu
2337,yu
2338,yu
2339,yu
2340,yu
2341,yu
2342,yu
2343,yu
2344,yu
2345,yu
2346,yu
2347,yu
2348,yu
2349,yu
2350,yu
2351,yu
2352,yu
2353,yu
2354,yu
2355,yu
2356,yu
2357,yu
2358,yu
2359,yu
2360,yu
2361,yu
2362,yu
2363,yu
2364,yu
2365,yu
2366,yu
2367,yu
2368,yu
2369,yu
2370,yu
2371,yu
2372,yu
2373,yu
2374,yu
2375,yu
2376,yu
2377,yu
2378,yu
2379,yu
2380,yu
2381,yu
2382,yu
2383,yu
2384,yu
2385,yu
2386,yu
2387,yu
2388,yu
2389,yu
2390,yu
2391,yu
2392,yu
2393,yu
2394,yu
2395,yu
2396,yu
2397,yu
2398,yu
2399,yu
